ParticipantID,TrialNr,TaskID,BlockNr,NrRows,NrCols,IconType,LinesVisible,SelectedRow,SelectedCol,ExpectedRow,ExpectedCol,Success,Duration,DownX,DownY,UpX,UpY,ManhattanDistance,ManhattanOffRow,ManhattanOffCol,PixOffY,PixOffX,EuclidDistance,SizeXTotal,SizeYTotal,SizeXField,SizeYField;
01,1,1,1,2,2,true,true,1,1,1,1,true,1299,233,401,233,401,0,0,0,61,-102,118.84864324004712,1340,1363,670.0,681.5
01,2,2,1,2,2,true,true,1,2,1,2,true,2582,989,371,989,371,0,0,0,31,-16,34.88552708502482,1340,1363,670.0,681.5
01,3,3,1,2,2,true,true,1,1,1,1,true,2739,119,303,119,303,0,0,0,-37,-216,219.14607000811125,1340,1363,670.0,681.5
01,4,4,1,2,2,true,true,2,1,2,1,true,1249,202,1025,202,1025,0,0,0,3,-133,133.0338302838793,1340,1363,670.0,681.5
01,5,5,1,2,2,true,true,2,2,2,2,true,1756,889,975,889,975,0,0,0,-47,-116,125.15989773086265,1340,1363,670.0,681.5
01,6,6,1,2,2,true,true,1,2,1,2,true,1674,988,311,988,311,0,0,0,-29,-17,33.61547262794322,1340,1363,670.0,681.5
01,7,7,1,2,2,true,true,2,2,2,2,true,1154,1004,831,1004,831,0,0,0,-191,-1,191.0026177831079,1340,1363,670.0,681.5
01,8,8,1,2,2,true,true,2,1,2,1,true,759,348,821,348,821,0,0,0,-201,13,201.41995928904365,1340,1363,670.0,681.5
